{"cameraMode":{"drawMode":0,"name":"Shaded","section":"Shading Mode"},"sceneLighting":true,"audioPlay":false,"sceneViewState":{"m_AlwaysRefresh":false,"showFog":true,"showSkybox":true,"showFlares":true,"showImageEffects":true,"showParticleSystems":true,"showVisualEffectGraphs":true,"m_FxEnabled":true},"in2DMode":false,"pivot":{"x":0.8719139099121094,"y":1.5100089311599732,"z":-0.928541362285614},"rotation":{"x":-0.3314307928085327,"y":-0.0036665257066488268,"z":0.0012880513677373529,"w":-0.9435094594955444},"size":9.066061019897461,"orthographic":false}