{"cameraMode":{"drawMode":0,"name":"Shaded","section":"Shading Mode"},"sceneLighting":true,"audioPlay":false,"sceneViewState":{"m_AlwaysRefresh":false,"showFog":true,"showSkybox":true,"showFlares":true,"showImageEffects":true,"showParticleSystems":true,"showVisualEffectGraphs":true,"m_FxEnabled":true},"in2DMode":false,"pivot":{"x":-1.8400001525878907,"y":0.6899999380111694,"z":-2.2899999618530275},"rotation":{"x":-0.2148967981338501,"y":0.10263688117265701,"z":-0.02271541766822338,"w":-0.9709762930870056},"size":2.805406332015991,"orthographic":false}