{"cameraMode":{"drawMode":0,"name":"Shaded","section":"Shading Mode"},"sceneLighting":true,"audioPlay":false,"sceneViewState":{"m_AlwaysRefresh":false,"showFog":true,"showSkybox":false,"showFlares":true,"showImageEffects":true,"showParticleSystems":true,"showVisualEffectGraphs":true,"m_FxEnabled":true},"in2DMode":false,"pivot":{"x":-8.6598482131958,"y":0.12321898341178894,"z":-9.732600212097168},"rotation":{"x":-0.25342002511024477,"y":0.007855329662561417,"z":-0.0020346969831734897,"w":-0.9673722982406616},"size":1.1333726644515992,"orthographic":false}