{"cameraMode":{"drawMode":0,"name":"Shaded","section":"Shading Mode"},"sceneLighting":false,"audioPlay":false,"sceneViewState":{"m_AlwaysRefresh":false,"showFog":true,"showSkybox":false,"showFlares":true,"showImageEffects":true,"showParticleSystems":true,"showVisualEffectGraphs":true,"m_FxEnabled":true},"in2DMode":false,"pivot":{"x":0.19979976117610932,"y":1.0106841325759888,"z":0.19333231449127198},"rotation":{"x":-0.16184039413928986,"y":0.025766341015696527,"z":-0.004226445686072111,"w":-0.9864827394485474},"size":2.0096943378448488,"orthographic":false}