{"cameraMode":{"drawMode":0,"name":"Shaded","section":"Shading Mode"},"sceneLighting":false,"audioPlay":false,"sceneViewState":{"m_AlwaysRefresh":false,"showFog":true,"showSkybox":false,"showFlares":true,"showImageEffects":true,"showParticleSystems":true,"showVisualEffectGraphs":true,"m_FxEnabled":true},"in2DMode":false,"pivot":{"x":-2.484760284423828,"y":0.4721373915672302,"z":-2.235525131225586},"rotation":{"x":-0.10705637186765671,"y":0.052187543362379077,"z":-0.005625694524496794,"w":-0.992878258228302},"size":1.5830113887786866,"orthographic":false}