{"cameraMode":{"drawMode":0,"name":"Shaded","section":"Shading Mode"},"sceneLighting":false,"audioPlay":false,"sceneViewState":{"m_AlwaysRefresh":false,"showFog":true,"showSkybox":false,"showFlares":true,"showImageEffects":true,"showParticleSystems":true,"showVisualEffectGraphs":true,"m_FxEnabled":true},"in2DMode":false,"pivot":{"x":-1.8400001525878907,"y":0.6899999380111694,"z":-2.2899999618530275},"rotation":{"x":-0.15151196718215943,"y":0.23452147841453553,"z":-0.03703053668141365,"w":-0.9595287442207336},"size":1.3274521827697755,"orthographic":false}